sha,date,message,files,code_lines,comment_lines,blank_lines,function_count,average_complexity,max_complexity
352367aba548a9a70fcfb40e82b3703e4cf4422d,2026-05-16T03:18:35+05:30,Harden scoped realtime broadcasts,58,10822,164,1640,430,4.325581,423
1d096bb4eda3e798fabd272ddf76635eeb51c2a6,2026-05-16T03:19:40+05:30,Update autonomous execution ledger,58,10822,164,1640,430,4.325581,423
5c5314b5dad45cb22e9f615657e241edd77fce81,2026-05-16T03:30:50+05:30,Migrate user streams to Binance WebSocket API,60,11065,156,1675,438,4.340183,423
cff1027bcc2561ab94e0726267bcb0d8e41b680e,2026-05-16T03:31:59+05:30,Record user stream migration completion,60,11065,156,1675,438,4.340183,423
5aaea86c0988bc3f89001b04560a71dcea516cce,2026-05-16T05:17:27+05:30,Add Binance exchange filter validation,64,11822,156,1792,492,4.097561,423
5a76448df43a3d6803f4000d68572cdc6fdaa6e1,2026-05-16T05:18:45+05:30,Record exchange filter validation completion,64,11822,156,1792,492,4.097561,423
f7c5dfea47f4ca155bcd8999a1b62a18e8ab8eee,2026-05-16T09:12:10+05:30,Add deploy env preflight validation,65,11968,156,1823,499,4.156313,423
bd7859bc1a23d0ab88b82b98f5277e76c060216d,2026-05-16T09:12:47+05:30,Record deploy env validation completion,65,11968,156,1823,499,4.156313,423
44c84825658ace488572bf1cfd125df89a49ef69,2026-05-16T09:21:48+05:30,Add shared API contracts package,67,12266,155,1875,518,4.108108,423
c6c573f9b4c131189068d9d6aac9163cce54dd0a,2026-05-16T09:22:16+05:30,Record shared contracts completion,67,12266,155,1875,518,4.108108,423
c96679bb6f66764e2cb27d6d5d9cef6596b21c44,2026-05-16T09:29:24+05:30,Add frontend reconnect replay recovery,67,12334,155,1883,520,4.138462,440
5b5980aacc9f6db8777138a4688abfe1387ae0ec,2026-05-16T09:30:39+05:30,Record reconnect replay completion,67,12334,155,1883,520,4.138462,440
a7ad07d5afa4b2a5eb3b9a134fd925eb58161f25,2026-05-16T09:52:46+05:30,Add advanced single order support,68,12834,154,1925,523,4.231358,468
c7c030806a764532d05f5550e9cdc6ff406c0c07,2026-05-16T09:54:31+05:30,Record advanced orders completion,68,12834,154,1925,523,4.231358,468
0c47b034a6d3125c07a16b0b61569af717d974ed,2026-05-16T10:10:23+05:30,Add tokenized brand system,71,13235,154,1981,525,4.154286,433
e8b592d5ed0a9c16dec9212cf7093e604ad8180c,2026-05-16T10:13:36+05:30,Record brand token completion,71,13235,154,1981,525,4.154286,433
8ebb957e960a700dafd7161ec1e20d8afddc5b1d,2026-05-16T10:19:30+05:30,Rebuild trading terminal layout,71,13338,154,1996,534,4.048689,405
6f6588b7d6a45828a475c592b0196c8c9babd6ca,2026-05-16T10:20:31+05:30,Record terminal layout completion,71,13338,154,1996,534,4.048689,405
8e42985c0b40efe48428c518c5484358144bc330,2026-05-16T10:54:45+05:30,Add order book and trade tape,71,13931,154,2077,558,4.118280,429
5d116db9362f27f3f6c7b1c686c85f3cd058d201,2026-05-16T10:58:53+05:30,Record order book task completion,71,13931,154,2077,558,4.118280,429
